GameDate,Visitor,Home
2024-01-01,MIN,NYK
2024-01-01,CLE,TOR
2024-01-01,DET,HOU
2024-01-01,IND,MIL
2024-01-01,CHA,DEN
2024-01-01,POR,PHX
2024-01-01,DAL,UTA
2024-01-01,MIA,LAC
2024-01-02,CHI,PHI
2024-01-02,SAS,MEM
2024-01-02,BKN,NOP
2024-01-02,BOS,OKC
2024-01-02,ORL,GSW
2024-01-02,CHA,SAC
2024-01-03,WAS,CLE
2024-01-03,MIL,IND
2024-01-03,OKC,ATL
2024-01-03,BKN,HOU
2024-01-03,TOR,MEM
2024-01-03,NOP,MIN
2024-01-03,CHI,NYK
2024-01-03,POR,DAL
2024-01-03,LAC,PHX
2024-01-03,DET,UTA
2024-01-03,MIA,LAL
2024-01-03,ORL,SAC
2024-01-04,MIL,SAS
2024-01-04,DEN,GSW
2024-01-05,UTA,BOS
2024-01-05,ATL,IND
2024-01-05,OKC,BKN
2024-01-05,WAS,CLE
2024-01-05,NYK,PHI
2024-01-05,CHA,CHI
2024-01-05,MIN,HOU
2024-01-05,LAC,NOP
2024-01-05,POR,DAL
2024-01-05,ORL,DEN
2024-01-05,MIA,PHX
2024-01-05,DET,GSW
2024-01-05,MEM,LAL
2024-01-05,TOR,SAC
2024-01-06,BOS,IND
2024-01-06,NYK,WAS
2024-01-06,UTA,PHI
2024-01-06,MIL,HOU
2024-01-07,SAS,CLE
2024-01-07,POR,BKN
2024-01-07,ATL,ORL
2024-01-07,NOP,SAC
2024-01-07,MIN,DAL
2024-01-07,DET,DEN
2024-01-07,MEM,PHX
2024-01-07,TOR,GSW
2024-01-07,LAC,LAL
2024-01-08,CHI,CHA
2024-01-08,BOS,IND
2024-01-08,OKC,WAS
2024-01-08,HOU,MIA
2024-01-08,UTA,MIL
2024-01-08,PHX,LAC
2024-01-09,SAC,DET
2024-01-09,MIN,ORL
2024-01-09,POR,NYK
2024-01-09,MEM,DAL
2024-01-09,TOR,LAL
2024-01-10,MIN,BOS
2024-01-10,SAC,CHA
2024-01-10,SAS,DET
2024-01-10,WAS,IND
2024-01-10,PHI,ATL
2024-01-10,OKC,MIA
2024-01-10,HOU,CHI
2024-01-10,NOP,GSW
2024-01-10,DEN,UTA
2024-01-10,TOR,LAC
2024-01-11,BKN,CLE
2024-01-11,BOS,MIL
2024-01-11,POR,OKC
2024-01-11,NYK,DAL
2024-01-11,PHX,LAL
2024-01-12,SAC,PHI
2024-01-12,IND,ATL
2024-01-12,HOU,DET
2024-01-12,ORL,MIA
2024-01-12,GSW,CHI
2024-01-12,LAC,MEM
2024-01-12,POR,MIN
2024-01-12,CHA,SAS
2024-01-12,TOR,UTA
2024-01-12,NOP,DEN
2024-01-13,HOU,BOS
2024-01-13,WAS,ATL
2024-01-13,NYK,MEM
2024-01-13,GSW,MIL
2024-01-13,ORL,OKC
2024-01-13,NOP,DAL
2024-01-13,CHI,SAS
2024-01-13,LAL,UTA
2024-01-14,IND,DEN
2024-01-14,CHA,MIA
2024-01-14,SAC,MIL
2024-01-14,LAC,MIN
2024-01-14,PHX,POR
2024-01-15,HOU,PHI
2024-01-15,NOP,DAL
2024-01-15,ORL,NYK
2024-01-15,DET,WAS
2024-01-15,SAS,ATL
2024-01-15,GSW,MEM
2024-01-15,CHI,CLE
2024-01-15,MIA,BKN
2024-01-15,BOS,TOR
2024-01-15,IND,UTA
2024-01-15,OKC,LAL
2024-01-16,DEN,PHI
2024-01-16,SAC,PHX
2024-01-16,OKC,LAC
2024-01-17,MIN,DET
2024-01-17,ORL,ATL
2024-01-17,SAS,BOS
2024-01-17,MIL,CLE
2024-01-17,HOU,NYK
2024-01-17,MIA,TOR
2024-01-17,CHA,NOP
2024-01-17,DAL,LAL
2024-01-17,GSW,UTA
2024-01-17,BKN,POR
2024-01-18,WAS,NYK
2024-01-18,CHI,TOR
2024-01-18,OKC,UTA
2024-01-18,MEM,MIN
2024-01-18,IND,SAC
2024-01-19,SAS,CHA
2024-01-19,PHI,ORL
2024-01-19,DEN,BOS
2024-01-19,ATL,MIA
2024-01-19,PHX,NOP
2024-01-19,DAL,GSW
2024-01-19,IND,POR
2024-01-19,BKN,LAL
2024-01-20,MIL,DET
2024-01-20,PHI,CHA
2024-01-20,SAS,WAS
2024-01-20,CLE,ATL
2024-01-20,TOR,NYK
2024-01-20,MEM,CHI
2024-01-20,UTA,HOU
2024-01-20,OKC,MIN
2024-01-21,BKN,LAC
2024-01-21,MIA,ORL
2024-01-21,DEN,WAS
2024-01-21,BOS,HOU
2024-01-21,IND,PHX
2024-01-21,POR,LAL
2024-01-22,MIL,DET
2024-01-22,CLE,ORL
2024-01-22,SAS,PHI
2024-01-22,MEM,TOR
2024-01-22,CHA,MIN
2024-01-22,BOS,DAL
2024-01-22,CHI,PHX
2024-01-22,ATL,SAC
2024-01-23,DEN,IND
2024-01-23,NYK,BKN
2024-01-23,UTA,NOP
2024-01-23,POR,OKC
2024-01-23,LAL,LAC
2024-01-24,CHA,DET
2024-01-24,MIN,WAS
2024-01-24,MEM,MIA
2024-01-24,POR,HOU
2024-01-24,CLE,MIL
2024-01-24,PHX,DAL
2024-01-24,OKC,SAS
2024-01-24,ATL,GSW
2024-01-25,PHI,IND
2024-01-25,UTA,WAS
2024-01-25,MIN,BKN
2024-01-25,BOS,MIA
2024-01-25,DEN,NYK
2024-01-25,SAC,GSW
2024-01-25,CHI,LAL
2024-01-26,DAL,ATL
2024-01-26,HOU,CHA
2024-01-26,PHX,IND
2024-01-26,LAC,TOR
2024-01-26,ORL,MEM
2024-01-26,CLE,MIL
2024-01-26,OKC,NOP
2024-01-26,POR,SAS
2024-01-27,WAS,DET
2024-01-27,MIA,NYK
2024-01-27,PHI,DEN
2024-01-27,HOU,BKN
2024-01-27,LAC,BOS
2024-01-27,UTA,CHA
2024-01-27,NOP,MIL
2024-01-27,MIN,SAS
2024-01-27,LAL,GSW
2024-01-27,SAC,DAL
2024-01-28,MEM,IND
2024-01-28,TOR,ATL
2024-01-28,OKC,DET
2024-01-28,PHX,ORL
2024-01-28,CHI,POR
2024-01-29,NYK,CHA
2024-01-29,LAC,CLE
2024-01-29,NOP,BOS
2024-01-29,UTA,BKN
2024-01-29,PHX,MIA
2024-01-29,LAL,HOU
2024-01-29,SAC,MEM
2024-01-29,MIN,OKC
2024-01-29,WAS,SAS
2024-01-29,ORL,DAL
2024-01-29,MIL,DEN
2024-01-29,PHI,POR
2024-01-30,LAL,ATL
2024-01-30,IND,BOS
2024-01-30,UTA,NYK
2024-01-30,TOR,CHI
2024-01-30,PHI,GSW
2024-01-31,CHI,CHA
2024-01-31,DET,CLE
2024-01-31,LAC,WAS
2024-01-31,SAC,MIA
2024-01-31,NOP,HOU
2024-01-31,DAL,MIN
2024-01-31,ORL,SAS
2024-01-31,DEN,OKC
2024-01-31,PHX,BKN
2024-01-31,MIL,POR
2024-02-01,LAL,BOS
2024-02-01,IND,NYK
2024-02-01,PHI,UTA
2024-02-01,CLE,MEM
2024-02-02,LAC,DET
2024-02-02,MIA,WAS
2024-02-02,PHX,ATL
2024-02-02,SAC,IND
2024-02-02,TOR,HOU
2024-02-02,GSW,MEM
2024-02-02,ORL,MIN
2024-02-02,CHA,OKC
2024-02-02,NOP,SAS
2024-02-02,POR,DEN
2024-02-03,BKN,PHI
2024-02-03,GSW,ATL
2024-02-03,SAC,CHI
2024-02-03,LAL,NYK
2024-02-03,MIL,DAL
2024-02-03,CLE,SAS
2024-02-04,ORL,DET
2024-02-04,PHX,WAS
2024-02-04,MEM,BOS
2024-02-04,IND,CHA
2024-02-04,LAC,MIA
2024-02-04,HOU,MIN
2024-02-04,TOR,OKC
2024-02-04,MIL,UTA
2024-02-04,POR,DEN
2024-02-05,LAL,CHA
2024-02-05,SAC,CLE
2024-02-05,DAL,PHI
2024-02-05,LAC,ATL
2024-02-05,GSW,BKN
2024-02-05,TOR,NOP
2024-02-06,HOU,IND
2024-02-06,DAL,BKN
2024-02-06,ORL,MIA
2024-02-06,MEM,NYK
2024-02-06,MIN,CHI
2024-02-06,OKC,UTA
2024-02-06,MIL,PHX
2024-02-07,TOR,CHA
2024-02-07,GSW,PHI
2024-02-07,CLE,WAS
2024-02-07,ATL,BOS
2024-02-07,SAS,MIA
2024-02-07,NOP,LAC
2024-02-07,DET,SAC
2024-02-08,GSW,IND
2024-02-08,SAS,ORL
2024-02-08,CLE,BKN
2024-02-08,DAL,NYK
2024-02-08,CHI,MEM
2024-02-08,MIN,MIL
2024-02-08,UTA,PHX
2024-02-08,DEN,LAL
2024-02-08,DET,POR
2024-02-09,ATL,PHI
2024-02-09,WAS,BOS
2024-02-09,HOU,TOR
2024-02-09,CHA,MIL
2024-02-09,DEN,SAC
2024-02-09,NOP,LAL
2024-02-10,OKC,DAL
2024-02-10,DET,LAC
2024-02-10,SAS,BKN
2024-02-10,MEM,CHA
2024-02-10,CHI,ORL
2024-02-10,PHI,WAS
2024-02-10,HOU,ATL
2024-02-10,IND,NYK
2024-02-10,CLE,TOR
2024-02-10,PHX,GSW
2024-02-10,NOP,POR
2024-02-11,BOS,MIA
2024-02-11,SAC,OKC
2024-02-12,IND,CHA
2024-02-12,PHI,CLE
2024-02-12,CHI,ATL
2024-02-12,SAS,TOR
2024-02-12,NYK,HOU
2024-02-12,NOP,MEM
2024-02-12,DEN,MIL
2024-02-12,WAS,DAL
2024-02-12,GSW,UTA
2024-02-12,MIN,LAC
2024-02-13,BOS,BKN
2024-02-13,OKC,ORL
2024-02-13,MIA,MIL
2024-02-13,SAC,PHX
2024-02-13,MIN,POR
2024-02-13,DET,LAL
2024-02-14,ATL,CHA
2024-02-14,NYK,ORL
2024-02-14,MIA,PHI
2024-02-14,BKN,BOS
2024-02-14,CHI,CLE
2024-02-14,IND,TOR
2024-02-14,HOU,MEM
2024-02-14,WAS,NOP
2024-02-14,SAS,DAL
2024-02-14,SAC,DEN
2024-02-14,DET,PHX
2024-02-14,LAL,UTA
2024-02-14,LAC,GSW
2024-02-15,MIL,MEM
2024-02-15,MIN,POR
2024-02-18,WST,EST
2024-02-22,ORL,CLE
2024-02-22,DET,IND
2024-02-22,NYK,PHI
2024-02-22,BKN,TOR
2024-02-22,PHX,DAL
2024-02-22,BOS,CHI
2024-02-22,HOU,NOP
2024-02-22,LAC,OKC
2024-02-22,WAS,DEN
2024-02-22,CHA,UTA
2024-02-22,LAL,GSW
2024-02-22,SAS,SAC
2024-02-23,TOR,ATL
2024-02-23,CLE,PHI
2024-02-23,PHX,HOU
2024-02-23,LAC,MEM
2024-02-23,MIL,MIN
2024-02-23,WAS,OKC
2024-02-23,MIA,NOP
2024-02-23,CHA,GSW
2024-02-23,DEN,POR
2024-02-23,SAS,LAL
2024-02-24,ORL,DET
2024-02-24,BKN,MIN
2024-02-24,BOS,NYK
2024-02-25,MIL,PHI
2024-02-25,LAL,PHX
2024-02-25,DAL,IND
2024-02-25,CLE,WAS
2024-02-25,ORL,ATL
2024-02-25,OKC,HOU
2024-02-25,CHI,NOP
2024-02-25,DEN,GSW
2024-02-25,SAS,UTA
2024-02-25,CHA,POR
2024-02-25,SAC,LAC
2024-02-26,TOR,IND
2024-02-26,DET,NYK
2024-02-26,BKN,MEM
2024-02-26,MIA,SAC
2024-02-27,DAL,CLE
2024-02-27,BKN,ORL
2024-02-27,GSW,WAS
2024-02-27,UTA,ATL
2024-02-27,PHI,BOS
2024-02-27,NOP,NYK
2024-02-27,SAS,MIN
2024-02-27,DET,CHI
2024-02-27,CHA,MIL
2024-02-27,HOU,OKC
2024-02-27,MIA,POR
2024-02-28,NOP,IND
2024-02-28,DAL,TOR
2024-02-28,MEM,MIN
2024-02-28,CLE,CHI
2024-02-28,SAC,DEN
2024-02-28,LAL,LAC
2024-02-29,MIL,CHA
2024-02-29,UTA,ORL
2024-02-29,ATL,BKN
2024-02-29,GSW,NYK
2024-02-29,OKC,SAS
2024-02-29,HOU,PHX
2024-02-29,MIA,DEN
2024-02-29,WAS,LAL
2024-03-01,CLE,DET
2024-03-01,CHA,PHI
2024-03-01,DAL,BOS
2024-03-01,GSW,TOR
2024-03-01,POR,MEM
2024-03-01,SAC,MIN
2024-03-01,IND,NOP
2024-03-01,MIL,CHI
2024-03-01,WAS,LAC
2024-03-02,ATL,BKN
2024-03-02,UTA,MIA
2024-03-02,POR,MEM
2024-03-02,DEN,LAL
2024-03-02,HOU,PHX
2024-03-03,PHI,DAL
2024-03-03,GSW,BOS
2024-03-03,LAC,MIN
2024-03-03,DET,ORL
2024-03-03,CHA,TOR
2024-03-03,NYK,CLE
2024-03-03,IND,SAS
2024-03-03,OKC,PHX
2024-03-04,MEM,BKN
2024-03-04,LAC,MIL
2024-03-04,POR,MIN
2024-03-04,WAS,UTA
2024-03-04,CHI,SAC
2024-03-04,OKC,LAL
2024-03-05,ORL,CHA
2024-03-05,BOS,CLE
2024-03-05,PHI,BKN
2024-03-05,DET,MIA
2024-03-05,ATL,NYK
2024-03-05,NOP,TOR
2024-03-05,SAS,HOU
2024-03-05,IND,DAL
2024-03-05,PHX,DEN
2024-03-06,ORL,WAS
2024-03-06,CLE,ATL
2024-03-06,MEM,PHI
2024-03-06,LAC,HOU
2024-03-06,CHI,UTA
2024-03-06,MIL,GSW
2024-03-06,OKC,POR
2024-03-06,SAC,LAL
2024-03-07,BKN,DET
2024-03-07,MIN,IND
2024-03-07,MIA,DAL
2024-03-07,TOR,PHX
2024-03-07,BOS,DEN
2024-03-07,CHI,GSW
2024-03-07,SAS,SAC
2024-03-08,NOP,PHI
2024-03-08,CHA,WAS
2024-03-08,MIN,CLE
2024-03-08,ORL,NYK
2024-03-08,ATL,MEM
2024-03-08,MIA,OKC
2024-03-08,MIL,LAL
2024-03-08,HOU,POR
2024-03-09,CHI,LAC
2024-03-09,BKN,CHA
2024-03-09,DAL,DET
2024-03-09,BOS,PHX
2024-03-09,SAS,GSW
2024-03-09,UTA,DEN
2024-03-09,TOR,POR
2024-03-10,MIL,LAC
2024-03-10,NOP,ATL
2024-03-10,WAS,MIA
2024-03-10,PHI,NYK
2024-03-10,IND,ORL
2024-03-10,HOU,SAC
2024-03-10,BKN,CLE
2024-03-10,MEM,OKC
2024-03-10,MIN,LAL
2024-03-11,CHA,DET
2024-03-11,PHX,CLE
2024-03-11,DAL,CHI
2024-03-11,GSW,SAS
2024-03-11,TOR,DEN
2024-03-11,BOS,POR
2024-03-12,PHI,NYK
2024-03-12,WAS,MEM
2024-03-12,IND,OKC
2024-03-12,HOU,SAS
2024-03-12,BOS,UTA
2024-03-12,MIN,LAC
2024-03-12,MIL,SAC
2024-03-13,TOR,DET
2024-03-13,BKN,ORL
2024-03-13,CHI,IND
2024-03-13,DEN,MIA
2024-03-13,CHA,MEM
2024-03-13,CLE,NOP
2024-03-13,GSW,DAL
2024-03-13,ATL,POR
2024-03-13,LAL,SAC
2024-03-14,PHX,BOS
2024-03-14,LAC,CHI
2024-03-14,WAS,HOU
2024-03-14,PHI,MIL
2024-03-14,DAL,OKC
2024-03-14,NYK,POR
2024-03-15,PHX,CHA
2024-03-15,MIA,DET
2024-03-15,ORL,TOR
2024-03-15,LAC,NOP
2024-03-15,DEN,SAS
2024-03-15,ATL,UTA
2024-03-16,CLE,HOU
2024-03-16,BKN,IND
2024-03-16,CHA,PHI
2024-03-16,POR,NOP
2024-03-16,WAS,CHI
2024-03-16,OKC,MEM
2024-03-16,GSW,LAL
2024-03-16,MIN,UTA
2024-03-16,NYK,SAC
2024-03-17,PHX,MIL
2024-03-17,MIA,DET
2024-03-17,DEN,DAL
2024-03-17,TOR,ORL
2024-03-17,BOS,WAS
2024-03-17,BKN,SAS
2024-03-17,ATL,LAC
2024-03-18,CLE,IND
2024-03-18,DET,BOS
2024-03-18,MIA,PHI
2024-03-18,POR,CHI
2024-03-18,MIN,UTA
2024-03-18,NYK,GSW
2024-03-18,MEM,SAC
2024-03-18,ATL,LAL
2024-03-19,CHA,ORL
2024-03-19,HOU,WAS
2024-03-19,NOP,BKN
2024-03-19,DAL,SAS
2024-03-19,DEN,MIN
2024-03-20,MIA,CLE
2024-03-20,IND,DET
2024-03-20,MIL,BOS
2024-03-20,SAC,TOR
2024-03-20,UTA,OKC
2024-03-20,MEM,GSW
2024-03-20,PHI,PHX
2024-03-20,LAC,POR
2024-03-21,NOP,ORL
2024-03-21,SAC,WAS
2024-03-21,CHI,HOU
2024-03-21,BKN,MIL
2024-03-21,UTA,DAL
2024-03-21,NYK,DEN
2024-03-21,ATL,PHX
2024-03-22,BOS,DET
2024-03-22,OKC,TOR
2024-03-22,NOP,MIA
2024-03-22,CLE,MIN
2024-03-22,MEM,SAS
2024-03-22,IND,GSW
2024-03-22,LAC,POR
2024-03-22,PHI,LAL
2024-03-23,BKN,NYK
2024-03-23,SAC,ORL
2024-03-23,CHA,ATL
2024-03-23,TOR,WAS
2024-03-23,BOS,CHI
2024-03-23,UTA,HOU
2024-03-23,PHX,SAS
2024-03-23,DEN,POR
2024-03-24,NOP,DET
2024-03-24,PHI,LAC
2024-03-24,CLE,MIA
2024-03-24,OKC,MIL
2024-03-24,GSW,MIN
2024-03-24,IND,LAL
2024-03-25,CHA,CLE
2024-03-25,BOS,ATL
2024-03-25,DET,NYK
2024-03-25,BKN,TOR
2024-03-25,WAS,CHI
2024-03-25,POR,HOU
2024-03-25,PHX,SAS
2024-03-25,MEM,DEN
2024-03-25,DAL,UTA
2024-03-25,PHI,SAC
2024-03-25,IND,LAC
2024-03-26,GSW,MIA
2024-03-26,LAL,MIL
2024-03-26,OKC,NOP
2024-03-26,DAL,SAC
2024-03-27,CLE,CHA
2024-03-27,GSW,ORL
2024-03-27,BKN,WAS
2024-03-27,POR,ATL
2024-03-27,LAC,PHI
2024-03-27,NYK,TOR
2024-03-27,IND,CHI
2024-03-27,LAL,MEM
2024-03-27,DET,MIN
2024-03-27,HOU,OKC
2024-03-27,SAS,UTA
2024-03-27,PHX,DEN
2024-03-28,BOS,ATL
2024-03-28,MIL,NOP
2024-03-29,GSW,CHA
2024-03-29,LAL,IND
2024-03-29,LAC,ORL
2024-03-29,DET,WAS
2024-03-29,CHI,BKN
2024-03-29,PHI,CLE
2024-03-29,POR,MIA
2024-03-29,PHX,OKC
2024-03-29,NYK,SAS
2024-03-29,MIN,DEN
2024-03-29,HOU,UTA
2024-03-29,DAL,SAC
2024-03-30,BOS,NOP
2024-03-30,MEM,ORL
2024-03-30,MIL,ATL
2024-03-31,CLE,DEN
2024-03-31,LAL,BKN
2024-03-31,LAC,CHA
2024-03-31,PHI,TOR
2024-03-31,MIA,WAS
2024-03-31,OKC,NYK
2024-03-31,DAL,HOU
2024-03-31,CHI,MIN
2024-03-31,GSW,SAS
2024-03-31,UTA,SAC
2024-04-01,BOS,CHA
2024-04-01,MEM,DET
2024-04-01,BKN,IND
2024-04-01,POR,ORL
2024-04-01,ATL,CHI
2024-04-01,PHX,NOP
2024-04-02,OKC,PHI
2024-04-02,LAL,TOR
2024-04-02,MIL,WAS
2024-04-02,NYK,MIA
2024-04-02,GSW,DAL
2024-04-02,HOU,MIN
2024-04-02,SAS,DEN
2024-04-02,CLE,UTA
2024-04-02,LAC,SAC
2024-04-03,POR,CHA
2024-04-03,LAL,WAS
2024-04-03,DET,ATL
2024-04-03,OKC,BOS
2024-04-03,IND,BKN
2024-04-03,MEM,MIL
2024-04-03,TOR,MIN
2024-04-03,ORL,NOP
2024-04-03,CLE,PHX
2024-04-04,PHI,MIA
2024-04-04,SAC,NYK
2024-04-04,GSW,HOU
2024-04-04,DEN,LAC
2024-04-05,ORL,CHA
2024-04-05,OKC,IND
2024-04-05,POR,WAS
2024-04-05,SAC,BOS
2024-04-05,NYK,CHI
2024-04-05,MIA,HOU
2024-04-05,DET,MEM
2024-04-05,TOR,MIL
2024-04-05,SAS,NOP
2024-04-05,ATL,DAL
2024-04-05,MIN,PHX
2024-04-05,UTA,LAC
2024-04-06,CLE,LAL
2024-04-06,DET,BKN
2024-04-06,PHI,MEM
2024-04-06,ATL,DEN
2024-04-07,HOU,DAL
2024-04-07,CLE,LAC
2024-04-07,MIA,IND
2024-04-07,POR,BOS
2024-04-07,OKC,CHA
2024-04-07,CHI,ORL
2024-04-07,WAS,TOR
2024-04-07,NOP,PHX
2024-04-07,NYK,MIL
2024-04-07,PHI,SAS
2024-04-07,SAC,BKN
2024-04-07,UTA,GSW
2024-04-07,MIN,LAL
2024-04-09,DAL,CHA
2024-04-09,DET,PHI
2024-04-09,IND,TOR
2024-04-09,MIA,ATL
2024-04-09,BOS,MIL
2024-04-09,NYK,CHI
2024-04-09,ORL,HOU
2024-04-09,SAS,MEM
2024-04-09,WAS,MIN
2024-04-09,SAC,OKC
2024-04-09,DEN,UTA
2024-04-09,GSW,LAL
2024-04-09,LAC,PHX
2024-04-09,NOP,POR
2024-04-10,MEM,CLE
2024-04-10,CHA,ATL
2024-04-10,TOR,BKN
2024-04-10,DAL,MIA
2024-04-10,ORL,MIL
2024-04-10,SAS,OKC
2024-04-10,MIN,DEN
2024-04-10,PHX,LAC
2024-04-11,CHI,DET
2024-04-11,NYK,BOS
2024-04-11,HOU,UTA
2024-04-11,GSW,POR
2024-04-11,NOP,SAC
2024-04-12,ORL,PHI
2024-04-12,CHI,WAS
2024-04-12,CHA,BOS
2024-04-12,IND,CLE
2024-04-12,BKN,NYK
2024-04-12,TOR,MIA
2024-04-12,LAL,MEM
2024-04-12,ATL,MIN
2024-04-12,MIL,OKC
2024-04-12,DEN,SAS
2024-04-12,DET,DAL
2024-04-12,NOP,GSW
2024-04-12,HOU,POR
2024-04-12,UTA,LAC
2024-04-12,PHX,SAC
2024-04-14,WAS,BOS
2024-04-14,CHA,CLE
2024-04-14,ATL,IND
2024-04-14,TOR,MIA
2024-04-14,CHI,NYK
2024-04-14,MIL,ORL
2024-04-14,BKN,PHI
2024-04-14,DEN,MEM
2024-04-14,PHX,MIN
2024-04-14,LAL,NOP
2024-04-14,DAL,OKC
2024-04-14,DET,SAS
2024-04-14,UTA,GSW
2024-04-14,HOU,LAC
2024-04-14,POR,SAC
2023-10-05,DAL,MIN
2023-10-07,MIN,DAL
2023-10-07,LAL,GSW
2023-10-08,CHI,MIL
2023-10-08,PHX,DET
2023-10-08,PHI,BOS
2023-10-08,IND,MEM
2023-10-08,SAC,TOR
2023-10-08,UTA,LAC
2023-10-09,BOS,NYK
2023-10-09,SAS,OKC
2023-10-09,BKN,LAL
2023-10-10,DAL,RMD
2023-10-10,CNS,WAS
2023-10-10,CLE,ATL
2023-10-10,CHA,MIA
2023-10-10,IND,HOU
2023-10-10,MIL,MEM
2023-10-10,ORL,NOP
2023-10-10,UTA,LAC
2023-10-10,DEN,PHX
2023-10-10,NZB,POR
2023-10-11,BOS,PHI
2023-10-11,SAC,LAL
2023-10-12,CHA,WAS
2023-10-12,ORL,CLE
2023-10-12,DET,OKC
2023-10-12,MEM,ATL
2023-10-12,MRA,BKN
2023-10-12,DEN,CHI
2023-10-12,HOU,NOP
2023-10-12,PHX,POR
2023-10-13,MIA,SAS
2023-10-13,GSW,LAL
2023-10-14,NOP,ATL
2023-10-14,MIN,NYK
2023-10-14,POR,UTA
2023-10-15,OKC,CHA
2023-10-15,MEM,MIA
2023-10-15,CNS,TOR
2023-10-15,MIL,LAL
2023-10-15,CHI,DEN
2023-10-15,GSW,SAC
2023-10-16,ATL,IND
2023-10-16,MRA,CLE
2023-10-16,PHI,BKN
2023-10-16,HOU,SAS
2023-10-16,NZB,UTA
2023-10-16,POR,PHX
2023-10-17,NOP,ORL
2023-10-17,NYK,BOS
2023-10-17,TOR,CHI
2023-10-17,MIL,OKC
2023-10-17,MRA,MIN
2023-10-17,DEN,LAC
2023-10-18,BKN,MIA
2023-10-18,WAS,NYK
2023-10-18,HOU,SAS
2023-10-18,SAC,GSW
2023-10-19,BOS,CHA
2023-10-19,MIN,CHI
2023-10-19,DET,OKC
2023-10-19,PHX,LAL
2023-10-19,DEN,LAC
2023-10-19,UTA,SAC
2023-10-20,CLE,IND
2023-10-20,FLA,ORL
2023-10-20,ATL,PHI
2023-10-20,WAS,TOR
2023-10-20,DET,DAL
2023-10-20,MIA,HOU
2023-10-20,MEM,MIL
2023-10-20,SAS,GSW
2023-10-24,LAL,DEN
2023-10-24,PHX,GSW
2023-10-25,ATL,CHA
2023-10-25,WAS,IND
2023-10-25,BOS,NYK
2023-10-25,HOU,ORL
2023-10-25,CLE,BKN
2023-10-25,DET,MIA
2023-10-25,MIN,TOR
2023-10-25,OKC,CHI
2023-10-25,NOP,MEM
2023-10-25,SAC,UTA
2023-10-25,DAL,SAS
2023-10-25,POR,LAC
2023-10-26,PHI,MIL
2023-10-26,PHX,LAL
2023-10-27,DET,CHA
2023-10-27,DEN,MEM
2023-10-27,NYK,ATL
2023-10-27,MIA,BOS
2023-10-27,OKC,CLE
2023-10-27,TOR,CHI
2023-10-27,HOU,SAS
2023-10-27,BKN,DAL
2023-10-27,LAC,UTA
2023-10-27,ORL,POR
2023-10-27,GSW,SAC
2023-10-28,CHI,DET
2023-10-28,MEM,WAS
2023-10-28,NYK,NOP
2023-10-28,IND,CLE
2023-10-28,PHI,TOR
2023-10-28,MIA,MIN
2023-10-28,UTA,PHX
2023-10-29,DEN,OKC
2023-10-29,GSW,HOU
2023-10-29,ATL,MIL
2023-10-29,POR,PHI
2023-10-29,SAS,LAC
2023-10-29,LAL,SAC
2023-10-30,BKN,CHA
2023-10-30,CHI,IND
2023-10-30,BOS,WAS
2023-10-30,MIN,ATL
2023-10-30,POR,TOR
2023-10-30,DAL,MEM
2023-10-30,MIA,MIL
2023-10-30,GSW,NOP
2023-10-30,DET,OKC
2023-10-30,UTA,DEN
2023-10-30,ORL,LAL
2023-10-31,NYK,CLE
2023-10-31,SAS,PHX
2023-10-31,ORL,LAC
2023-11-01,POR,DET
2023-11-01,MIL,TOR
2023-11-01,WAS,ATL
2023-11-01,IND,BOS
2023-11-01,BKN,MIA
2023-11-01,CLE,NYK
2023-11-01,NOP,OKC
2023-11-01,CHA,HOU
2023-11-01,DEN,MIN
2023-11-01,CHI,DAL
2023-11-01,MEM,UTA
2023-11-01,SAC,GSW
2023-11-01,LAC,LAL
2023-11-02,TOR,PHI
2023-11-02,DET,NOP
2023-11-02,ORL,UTA
2023-11-02,SAS,PHX
2023-11-03,CLE,IND
2023-11-03,NYK,MIL
2023-11-03,WAS,MIA
2023-11-03,BKN,CHI
2023-11-03,GSW,OKC
2023-11-03,DAL,DEN
2023-11-03,MEM,POR
2023-11-04,PHX,PHI
2023-11-04,CHA,IND
2023-11-04,LAL,ORL
2023-11-04,ATL,NOP
2023-11-04,BOS,BKN
2023-11-04,SAC,HOU
2023-11-04,UTA,MIN
2023-11-04,CHI,DEN
2023-11-05,PHX,DET
2023-11-05,TOR,SAS
2023-11-05,GSW,CLE
2023-11-05,CHA,DAL
2023-11-05,MEM,POR
2023-11-06,GSW,DET
2023-11-06,SAS,IND
2023-11-06,DAL,ORL
2023-11-06,WAS,PHI
2023-11-06,MIL,BKN
2023-11-06,LAL,MIA
2023-11-06,LAC,NYK
2023-11-06,UTA,CHI
2023-11-06,SAC,HOU
2023-11-06,BOS,MIN
2023-11-06,ATL,OKC
2023-11-06,NOP,DEN
2023-11-08,WAS,CHA
2023-11-08,UTA,IND
2023-11-08,BOS,PHI
2023-11-08,LAC,BKN
2023-11-08,SAS,NYK
2023-11-08,PHX,CHI
2023-11-08,LAL,HOU
2023-11-08,MIA,MEM
2023-11-08,DET,MIL
2023-11-08,NOP,MIN
2023-11-08,CLE,OKC
2023-11-08,TOR,DAL
2023-11-08,GSW,DEN
2023-11-08,POR,SAC
2023-11-09,MIL,IND
2023-11-09,ATL,ORL
2023-11-10,PHI,DET
2023-11-10,CHA,WAS
2023-11-10,BKN,BOS
2023-11-10,NOP,HOU
2023-11-10,UTA,MEM
2023-11-10,MIN,SAS
2023-11-10,LAC,DAL
2023-11-10,LAL,PHX
2023-11-10,OKC,SAC
2023-11-11,MIL,ORL
2023-11-11,TOR,BOS
2023-11-11,MIA,ATL
2023-11-11,CLE,GSW
2023-11-12,CHA,NYK
2023-11-12,WAS,BKN
2023-11-12,MEM,LAC
2023-11-12,IND,PHI
2023-11-12,DET,CHI
2023-11-12,DEN,HOU
2023-11-12,DAL,NOP
2023-11-12,MIA,SAS
2023-11-12,OKC,PHX
2023-11-12,MIN,GSW
2023-11-12,POR,LAL
2023-11-13,NYK,BOS
2023-11-13,WAS,TOR
2023-11-13,CHI,MIL
2023-11-13,CLE,SAC
2023-11-14,MIA,CHA
2023-11-14,ATL,DET
2023-11-14,IND,PHI
2023-11-14,ORL,BKN
2023-11-14,SAS,OKC
2023-11-14,DAL,NOP
2023-11-14,POR,UTA
2023-11-14,LAC,DEN
2023-11-14,MIN,GSW
2023-11-14,MEM,LAL
2023-11-15,DAL,WAS
2023-11-15,NYK,ATL
2023-11-15,BOS,PHI
2023-11-15,MIL,TOR
2023-11-15,ORL,CHI
2023-11-15,MIN,PHX
2023-11-15,SAC,LAL
2023-11-15,CLE,POR
2023-11-16,BKN,MIA
2023-11-16,OKC,GSW
2023-11-17,MIL,CHA
2023-11-17,NYK,WAS
2023-11-17,PHI,ATL
2023-11-17,DET,CLE
2023-11-17,BOS,TOR
2023-11-17,SAC,SAS
2023-11-17,ORL,CHI
2023-11-17,DEN,NOP
2023-11-17,PHX,UTA
2023-11-17,LAL,POR
2023-11-17,HOU,LAC
2023-11-18,NYK,CHA
2023-11-18,MIN,NOP
2023-11-18,MIA,CHI
2023-11-18,DAL,MIL
2023-11-18,MEM,SAS
2023-11-18,OKC,GSW
2023-11-19,PHI,BKN
2023-11-19,DET,TOR
2023-11-19,ORL,IND
2023-11-19,DEN,CLE
2023-11-19,SAC,DAL
2023-11-19,BOS,MEM
2023-11-19,PHX,UTA
2023-11-19,OKC,POR
2023-11-19,HOU,LAL
2023-11-20,BOS,CHA
2023-11-20,DEN,DET
2023-11-20,MIL,WAS
2023-11-20,MIA,CHI
2023-11-20,NYK,MIN
2023-11-20,SAC,NOP
2023-11-20,LAC,SAS
2023-11-20,HOU,GSW
2023-11-21,TOR,ORL
2023-11-21,IND,ATL
2023-11-21,CLE,PHI
2023-11-21,POR,PHX
2023-11-21,UTA,LAL
2023-11-22,WAS,CHA
2023-11-22,DEN,ORL
2023-11-22,BKN,ATL
2023-11-22,MIL,BOS
2023-11-22,MIA,CLE
2023-11-22,TOR,IND
2023-11-22,MEM,HOU
2023-11-22,PHI,MIN
2023-11-22,SAC,NOP
2023-11-22,CHI,OKC
2023-11-22,LAC,SAS
2023-11-22,GSW,PHX
2023-11-22,UTA,POR
2023-11-22,DAL,LAL
2023-11-24,BOS,ORL
2023-11-24,PHX,MEM
2023-11-24,MIA,NYK
2023-11-24,CHI,TOR
2023-11-24,DET,IND
2023-11-24,DEN,HOU
2023-11-24,WAS,MIL
2023-11-24,SAC,MIN
2023-11-24,SAS,GSW
2023-11-24,NOP,LAC
2023-11-25,PHI,OKC
2023-11-25,MIA,BKN
2023-11-25,ATL,WAS
2023-11-25,LAL,CLE
2023-11-25,NOP,UTA
2023-11-25,DAL,LAC
2023-11-26,POR,MIL
2023-11-26,ATL,BOS
2023-11-26,PHX,NYK
2023-11-26,CHA,ORL
2023-11-26,MIN,MEM
2023-11-26,CHI,BKN
2023-11-26,TOR,CLE
2023-11-26,SAS,DEN
2023-11-27,WAS,DET
2023-11-27,POR,IND
2023-11-27,LAL,PHI
2023-11-27,NOP,UTA
2023-11-27,DEN,LAC
2023-11-28,CHI,BOS
2023-11-28,TOR,BKN
2023-11-28,ATL,CLE
2023-11-28,MIL,MIA
2023-11-28,CHA,NYK
2023-11-28,OKC,MIN
2023-11-28,HOU,DAL
2023-11-28,GSW,SAC
2023-11-29,LAL,DET
2023-11-29,WAS,ORL
2023-11-29,PHX,TOR
2023-11-29,UTA,MEM
2023-11-29,PHI,NOP
2023-11-29,HOU,DEN
2023-11-29,LAC,SAC
2023-11-30,POR,CLE
2023-11-30,CHA,BKN
2023-11-30,IND,MIA
2023-11-30,DET,NYK
2023-11-30,MIL,CHI
2023-11-30,UTA,MIN
2023-11-30,LAL,OKC
2023-11-30,ATL,SAS
2023-11-30,LAC,GSW
2023-12-01,WAS,ORL
2023-12-01,PHI,BOS
2023-12-01,NYK,TOR
2023-12-01,MEM,DAL
2023-12-01,SAS,NOP
2023-12-01,DEN,PHX
2023-12-02,GSW,LAC
2023-12-02,MIN,CHA
2023-12-02,ORL,BKN
2023-12-02,CLE,DET
2023-12-02,IND,MIA
2023-12-02,NOP,CHI
2023-12-02,ATL,MIL
2023-12-02,OKC,DAL
2023-12-02,MEM,PHX
2023-12-02,POR,UTA
2023-12-02,DEN,SAC
2023-12-02,HOU,LAL
2023-12-04,BOS,IND
2023-12-04,NOP,SAC
2023-12-05,NYK,MIL
2023-12-05,PHX,LAL
2023-12-06,ORL,CLE
2023-12-06,MEM,DET
2023-12-06,PHI,WAS
2023-12-06,MIA,TOR
2023-12-06,BKN,ATL
2023-12-06,SAS,MIN
2023-12-06,CHA,CHI
2023-12-06,OKC,HOU
2023-12-06,UTA,DAL
2023-12-06,POR,GSW
2023-12-06,DEN,LAC
2023-12-07,IND,MIL
2023-12-07,NOP,LAL
2023-12-08,TOR,CHA
2023-12-08,DET,ORL
2023-12-08,ATL,PHI
2023-12-08,WAS,BKN
2023-12-08,NYK,BOS
2023-12-08,CLE,MIA
2023-12-08,MIN,MEM
2023-12-08,GSW,OKC
2023-12-08,CHI,SAS
2023-12-08,HOU,DEN
2023-12-08,SAC,PHX
2023-12-08,LAC,UTA
2023-12-08,DAL,POR
2023-12-09,IND,LAL
2023-12-11,MIA,CHA
2023-12-11,IND,DET
2023-12-11,CLE,ORL
2023-12-11,WAS,PHI
2023-12-11,DEN,ATL
2023-12-11,TOR,NYK
2023-12-11,SAS,HOU
2023-12-11,DAL,MEM
2023-12-11,CHI,MIL
2023-12-11,MIN,NOP
2023-12-11,UTA,OKC
2023-12-11,BKN,SAC
2023-12-11,POR,LAC
2023-12-12,CLE,BOS
2023-12-12,LAL,DAL
2023-12-12,DEN,CHI
2023-12-12,GSW,PHX
2023-12-12,SAC,LAC
2023-12-13,PHI,DET
2023-12-13,NOP,WAS
2023-12-13,CHA,MIA
2023-12-13,ATL,TOR
2023-12-13,MEM,HOU
2023-12-13,IND,MIL
2023-12-13,LAL,SAS
2023-12-13,BKN,PHX
2023-12-13,NYK,UTA
2023-12-14,CLE,BOS
2023-12-14,CHI,MIA
2023-12-14,MIN,DAL
2023-12-14,BKN,DEN
2023-12-14,UTA,POR
2023-12-14,OKC,SAC
2023-12-14,GSW,LAC
2023-12-15,NOP,CHA
2023-12-15,DET,PHI
2023-12-15,IND,WAS
2023-12-15,ORL,BOS
2023-12-15,ATL,TOR
2023-12-15,LAL,SAS
2023-12-15,HOU,MEM
2023-12-15,NYK,PHX
2023-12-16,DET,MIL
2023-12-16,PHI,CHA
2023-12-16,ATL,CLE
2023-12-16,CHI,MIA
2023-12-16,IND,MIN
2023-12-16,BKN,GSW
2023-12-16,OKC,DEN
2023-12-16,DAL,POR
2023-12-16,UTA,SAC
2023-12-16,NYK,LAC
2023-12-17,ORL,BOS
2023-12-17,NOP,SAS
2023-12-17,HOU,MIL
2023-12-17,WAS,PHX
2023-12-17,GSW,POR
2023-12-18,HOU,CLE
2023-12-18,LAC,IND
2023-12-18,CHI,PHI
2023-12-18,DET,ATL
2023-12-18,MIN,MIA
2023-12-18,CHA,TOR
2023-12-18,MEM,OKC
2023-12-18,DAL,DEN
2023-12-18,BKN,UTA
2023-12-18,WAS,SAC
2023-12-18,NYK,LAL
2023-12-19,MEM,NOP
2023-12-19,SAS,MIL
2023-12-19,BOS,GSW
2023-12-19,PHX,POR
2023-12-20,UTA,CLE
2023-12-20,CHA,IND
2023-12-20,MIA,ORL
2023-12-20,MIN,PHI
2023-12-20,NYK,BKN
2023-12-20,DEN,TOR
2023-12-20,LAL,CHI
2023-12-20,ATL,HOU
2023-12-20,LAC,DAL
2023-12-20,BOS,SAC
2023-12-21,UTA,DET
2023-12-21,NOP,CLE
2023-12-21,SAS,CHI
2023-12-21,IND,MEM
2023-12-21,ORL,MIL
2023-12-21,LAC,OKC
2023-12-21,LAL,MIN
2023-12-21,WAS,POR
2023-12-22,TOR,PHI
2023-12-22,DEN,BKN
2023-12-22,ATL,MIA
2023-12-22,DAL,HOU
2023-12-22,WAS,GSW
2023-12-22,PHX,SAC
2023-12-23,MIL,NYK
2023-12-23,BOS,LAC
2023-12-23,DEN,CHA
2023-12-23,ORL,IND
2023-12-23,HOU,NOP
2023-12-23,MEM,ATL
2023-12-23,DET,BKN
2023-12-23,UTA,TOR
2023-12-23,CLE,CHI
2023-12-23,LAL,OKC
2023-12-23,SAS,DAL
2023-12-23,POR,GSW
2023-12-23,MIN,SAC
2023-12-25,MIL,NYK
2023-12-25,GSW,DEN
2023-12-25,BOS,LAL
2023-12-25,PHI,MIA
2023-12-25,DAL,PHX
2023-12-26,BKN,DET
2023-12-26,ORL,WAS
2023-12-26,ATL,CHI
2023-12-26,IND,HOU
2023-12-26,MEM,NOP
2023-12-26,MIN,OKC
2023-12-26,UTA,SAS
2023-12-26,SAC,POR
2023-12-26,CHA,LAC
2023-12-27,PHI,ORL
2023-12-27,TOR,WAS
2023-12-27,MIL,BKN
2023-12-27,PHX,HOU
2023-12-27,NYK,OKC
2023-12-27,CLE,DAL
2023-12-28,DET,BOS
2023-12-28,IND,CHI
2023-12-28,DAL,MIN
2023-12-28,UTA,NOP
2023-12-28,MEM,DEN
2023-12-28,MIA,GSW
2023-12-28,SAS,POR
2023-12-28,CHA,LAL
2023-12-29,NYK,ORL
2023-12-29,BKN,WAS
2023-12-29,SAC,ATL
2023-12-29,TOR,BOS
2023-12-29,MIL,CLE
2023-12-29,PHI,HOU
2023-12-29,OKC,DEN
2023-12-29,CHA,PHX
2023-12-29,SAS,POR
2023-12-29,MEM,LAC
2023-12-30,MIA,UTA
2023-12-30,TOR,DET
2023-12-30,NYK,IND
2023-12-30,PHI,CHI
2023-12-30,LAL,MIN
2023-12-30,DAL,GSW
2023-12-31,ATL,WAS
2023-12-31,LAL,NOP
2023-12-31,BKN,OKC
2023-12-31,BOS,SAS
2023-12-31,SAC,MEM
2023-12-31,ORL,PHX
